period,value,unit,unit_multiplier,status
2022,12.7856846617301,GBP,9,final
2023,15.343972853302201,GBP,9,final
2024,14.0821776741139,GBP,9,final
